Appleton Clinic,"Unite 301, 845 Wilson Ave",Clinic,Toronto,Ontario,ca,"43.7306653,-79.4647598",appletonclinics.com,DIY CBD Oil Kit,https://diycbdoil.ca/products/diy-cbd-oil-kit,,,,
Canadian Cannabis Clinics,"Unit 501, 595 Montreal Rd",Clinic,Ottawa,Ontario,ca,"45.4427067,-75.6433766",cannabisclinics.ca,DIY CBD Oil Kit,https://diycbdoil.ca/products/diy-cbd-oil-kit,,,,
Harvest Medicine,"Unit 480, 5111 Northland Drive NW",Clinic,Calgary,Alberta,ca,"51.098413,-114.1437634",hmed.ca,DIY CBD Oil Kit,https://diycbdoil.ca/products/diy-cbd-oil-kit,,,,
Entourage Medical Clinic,"UNIT 4, 1447 Upper Ottawa Street",Clinic,Hamilton,Ontario,ca,"43.1959897,-79.8409391",,DIY CBD Oil Kit,https://diycbdoil.ca/products/diy-cbd-oil-kit,,,,
Canadian Cannabis Clinics,"Unit 311, 77 Queensway W",Clinic,Mississauga,Ontario,ca,"43.5727687,-79.6100712",cannabisclinics.ca,DIY CBD Oil Kit,https://diycbdoil.ca/products/diy-cbd-oil-kit,,,,
Marijuana For Trauma Inc,"Unit 3, 255 Restigouche Rd",Clinic,Oromocto,New New Brunswick,ca,"45.8400584,-66.4968447",,DIY CBD Oil Kit,https://diycbdoil.ca/products/diy-cbd-oil-kit,,,,
Canadian Cannabis Clinics,"Unit 3, 1883 Turner Rd",Clinic,Windsor,Ontario,ca,"42.3025884,-82.9961414",cannabisclinics.ca,DIY CBD Oil Kit,https://diycbdoil.ca/products/diy-cbd-oil-kit,,,,
Canadian Cannabis Clinics,"UNIT 209, 65 Larch Street",Clinic,Sudbury,Ontario,ca,"46.4910467,-80.9946405",cannabisclinics.ca,DIY CBD Oil Kit,https://diycbdoil.ca/products/diy-cbd-oil-kit,,,,
Canadian Cannabis Clinics,"Unit 209, 279 Wharncliffe Road N",Clinic,London,Ontario,ca,"42.9930922,-81.2651896",cannabisclinics.ca,DIY CBD Oil Kit,https://diycbdoil.ca/products/diy-cbd-oil-kit,,,,
GrowWise Health,"Unit 207, 1366 Yonge Street",Clinic,Toronto,Ontario,ca,"43.6860466,-79.3934701",,DIY CBD Oil Kit,https://diycbdoil.ca/products/diy-cbd-oil-kit,,,,
ARCANNABIS STORE,UNIT 205 - 225 SE Marine Dr,Retail Store,Vancouver,British Columbia,ca,"49.2112469,-123.1015758",,"Hemp Flower, DIY CBD Oil Kit","https://diycbdoil.ca/products/hemp-flower, https://diycbdoil.ca/products/diy-cbd-oil-kit",,,,
Canna Relief Consulting Canada,"Unit 202, 133 Queen St S",Clinic,Mississauga,Ontario,ca,"43.58335,-79.71576519999999",cannarelief420.ca,DIY CBD Oil Kit,https://diycbdoil.ca/products/diy-cbd-oil-kit,,,,
CannApply Medical Services,"Unit 201, 5401 Temple Dr NE",Clinic,Calgary,Alberta,ca,"51.084946,-113.9574466",,DIY CBD Oil Kit,https://diycbdoil.ca/products/diy-cbd-oil-kit,,,,
Greencare Medical Clinic,"Unit 201, 4484 Main St",Clinic,Vancouver,British Columbia,ca,"49.2446916,-123.1010015",,DIY CBD Oil Kit,https://diycbdoil.ca/products/diy-cbd-oil-kit,,,,
Greenery Cannabis Boutique,Unit 201 - 2101 Harding Rd,Retail Store,Armstrong,British Columbia,ca,"50.4301769,-119.1839475",,"Hemp Flower, DIY CBD Oil Kit","https://diycbdoil.ca/products/hemp-flower, https://diycbdoil.ca/products/diy-cbd-oil-kit",,,,
Canadian Cannabis Clinics,"Unit 2, 885 Glasgow Street",Clinic,Kitchener,Ontario,ca,"43.4427522,-80.54163129999999",cannabisclinics.ca,DIY CBD Oil Kit,https://diycbdoil.ca/products/diy-cbd-oil-kit,,,,
Canadian Cannabis Clinics,"Unit 2, 80 King St",Clinic,St. Catharines,Ontario,ca,"43.158062,-79.245988",cannabisclinics.ca,DIY CBD Oil Kit,https://diycbdoil.ca/products/diy-cbd-oil-kit,,,,
Canadian Cannabis Clinics,"Unit 1B, 227 Main Street North",Clinic,Markham,Ontario,ca,"43.8840442,-79.26136869999999",cannabisclinics.ca,DIY CBD Oil Kit,https://diycbdoil.ca/products/diy-cbd-oil-kit,,,,
Inspired Cannabis Co,Unit 1 - 5765 Turner Road,Retail Store,Nanaimo,British Columbia,ca,"49.2240112,-124.0346961",inspiredcannabis.ca,"Hemp Flower, DIY CBD Oil Kit","https://diycbdoil.ca/products/hemp-flower, https://diycbdoil.ca/products/diy-cbd-oil-kit",,,,
Cannabis Health Institute,"Suite 503, 326 11th Ave SW",Clinic,Calgary,Alberta,ca,"51.042783,-114.069241",,DIY CBD Oil Kit,https://diycbdoil.ca/products/diy-cbd-oil-kit,,,,
Medical Marihuana Access Services,"Suite 472, 108-800 Kelly Rd",Clinic,Victoria,British Columbia,ca,"48.43859339999999,-123.5057547",,DIY CBD Oil Kit,https://diycbdoil.ca/products/diy-cbd-oil-kit,,,,
Canadian Cannabis Clinics,"SUITE 304, 863 PRINCESS STREET",Clinic,Kingston,Ontario,ca,"44.2407528,-76.50954709999999",cannabisclinics.ca,DIY CBD Oil Kit,https://diycbdoil.ca/products/diy-cbd-oil-kit,,,,
Canadian Cannabis Clinics,"SUITE 210, 83 DAWSON ROAD",Clinic,Guelph,Ontario,ca,"43.5502019,-80.2768198",cannabisclinics.ca,DIY CBD Oil Kit,https://diycbdoil.ca/products/diy-cbd-oil-kit,,,,
Tree Health Clinics,"Suite 102, 2737 Keele Street",Clinic,Toronto,Ontario,ca,"43.7257724,-79.4808049",,DIY CBD Oil Kit,https://diycbdoil.ca/products/diy-cbd-oil-kit,,,,
Trauma Healing Center,959 Cole Harbour Rd,Clinic,Dartmouth,Nova Scotia,ca,"44.6718568,-63.4951443",traumahealingcenter.net,DIY CBD Oil Kit,https://diycbdoil.ca/products/diy-cbd-oil-kit,,,,
GreenleafMedical Clinic,"9525 201 Street, Unit 218",Clinic,Langley,British Columbia,ca,"49.1762588,-122.6651323",greenleafmc.ca,DIY CBD Oil Kit,https://diycbdoil.ca/products/diy-cbd-oil-kit,,,,
Canada House Clinics,"9505 63 Ave, NW",Clinic,Edmonton,Alberta,ca,"53.4995486,-113.4739139",canadahouseclinics.ca,DIY CBD Oil Kit,https://diycbdoil.ca/products/diy-cbd-oil-kit,,,,
Wellmedica,"90 Resolution Drive, Unit 2",Clinic,Brampton,Ontario,ca,"43.67686,-79.721978",wellmedicalarts.com,DIY CBD Oil Kit,https://diycbdoil.ca/products/diy-cbd-oil-kit,,,,
Do No Harm Clinic,9-3151 Lakeshore Rd #421,Clinic,Kelowna,British Columbia,ca,"49.8607674,-119.4902713",,DIY CBD Oil Kit,https://diycbdoil.ca/products/diy-cbd-oil-kit,,,,
Chronic Pain Toronto,889 Avenue Rd,Clinic,Toronto,Ontario,ca,"43.7002212,-79.40646199999999",chronicpaintoronto.com,DIY CBD Oil Kit,https://diycbdoil.ca/products/diy-cbd-oil-kit,,,,
Flight Cannabis Co.,847 Bruce Ave,Retail Store,Nanaimo,British Columbia,ca,"49.14499559999999,-123.9509128",,"Hemp Flower, DIY CBD Oil Kit","https://diycbdoil.ca/products/hemp-flower, https://diycbdoil.ca/products/diy-cbd-oil-kit",,,,
Bodystream,836 Upper Canada Dr #1F,Clinic,Sarnia,Ontario,ca,"42.9613252,-82.3415996",bodystreammedical.ca,DIY CBD Oil Kit,https://diycbdoil.ca/products/diy-cbd-oil-kit,,,,
Medi-Green Cannabis Clinic,800 Princess St,Clinic,Kingston,Ontario,ca,"44.2389873,-76.5072859",medi-green.ca,DIY CBD Oil Kit,https://diycbdoil.ca/products/diy-cbd-oil-kit,,,,
Cannabinoid Medical Clinic,"8-10 Rowan Street, Suite 206",Clinic,St. John's,NL,ca,"47.5744306,-52.7221741",,DIY CBD Oil Kit,https://diycbdoil.ca/products/diy-cbd-oil-kit,,,,
Bodystream,754 Falconbridge Rd,Clinic,Sudbury,Ontario,ca,"46.5150448,-80.9265734",bodystreammedical.ca,DIY CBD Oil Kit,https://diycbdoil.ca/products/diy-cbd-oil-kit,,,,
High5 Cannabis,732 Tyee Rd,Retail Store,Victoria,British Columbia,ca,"48.4352737,-123.3822878",high5cannabis.com,"Hemp Flower, DIY CBD Oil Kit","https://diycbdoil.ca/products/hemp-flower, https://diycbdoil.ca/products/diy-cbd-oil-kit",,,,
Bohemian Cannabis Co.,710 Twelfth Street,Retail Store,New Westminster,British Columbia,ca,"49.20918140000001,-122.9327146",,"Hemp Flower, DIY CBD Oil Kit","https://diycbdoil.ca/products/hemp-flower, https://diycbdoil.ca/products/diy-cbd-oil-kit",,,,
Maple Leaf Greenery Ltd.,71 Sixth street,Retail Store,New Westminster,British Columbia,ca,"49.204846,-122.909565",,"Hemp Flower, DIY CBD Oil Kit","https://diycbdoil.ca/products/hemp-flower, https://diycbdoil.ca/products/diy-cbd-oil-kit",,,,
Canadian Cannabis Clinics,"699 WILKINS STREET, UNIT 43-45",Clinic,London (South),Ontario,ca,"42.9507386,-81.2316038",cannabisclinics.ca,DIY CBD Oil Kit,https://diycbdoil.ca/products/diy-cbd-oil-kit,,,,
Canada House Clinics,6960 Mumford Road,Clinic,Halifax,Nova Scotia,ca,"44.6450702,-63.61948770000001",canadahouseclinics.ca,DIY CBD Oil Kit,https://diycbdoil.ca/products/diy-cbd-oil-kit,,,,
Canadian Cannabis Clinics,6801 170 STREET NW,Clinic,Edmonton,Alberta,ca,"53.503137,-113.614779",cannabisclinics.ca,DIY CBD Oil Kit,https://diycbdoil.ca/products/diy-cbd-oil-kit,,,,
Bodystream,67 Elgin St,Clinic,Sault Ste. Marie,Ontario,ca,"46.5117906,-84.3347636",bodystreammedical.ca,DIY CBD Oil Kit,https://diycbdoil.ca/products/diy-cbd-oil-kit,,,,
Medical Cannabis Club of Guelph Inc.,62 Baker St,Clinic,Guelph,Ontario,ca,"43.5473114,-80.252106",,DIY CBD Oil Kit,https://diycbdoil.ca/products/diy-cbd-oil-kit,,,,
Bodystream,615 Davis Dr,Clinic,Newmarket,Ontario,ca,"44.0614389,-79.4523968",bodystreammedical.ca,DIY CBD Oil Kit,https://diycbdoil.ca/products/diy-cbd-oil-kit,,,,
CMClinic,"5991 Spring Garden Rd., Suite 440",Clinic,Halifax,Nova Scotia,ca,"44.64107720000001,-63.5867547",canabomedicalclinic.com,DIY CBD Oil Kit,https://diycbdoil.ca/products/diy-cbd-oil-kit,,,,
Natural Health Services,"5809 Macleod Trail SW, Unit #217",Clinic,Calgary,Alberta,ca,"51.0019204,-114.0725768",naturalhealthservices.ca,DIY CBD Oil Kit,https://diycbdoil.ca/products/diy-cbd-oil-kit,,,,
Bodystream,58 Front St E,Clinic,Strathroy,Ontario,ca,"42.9592549,-81.6220646",bodystreammedical.ca,DIY CBD Oil Kit,https://diycbdoil.ca/products/diy-cbd-oil-kit,,,,
Canadian Cannabis Clinics,"564 SOUTH RAILWAY ST. SE, UNIT 2",Clinic,Medicine Hat,Alberta,ca,"50.0365429,-110.6711927",cannabisclinics.ca,DIY CBD Oil Kit,https://diycbdoil.ca/products/diy-cbd-oil-kit,,,,
Bodystream,"556 Bryne Drive, Unit 16",Clinic,Barrie,Ontario,ca,"44.3278382,-79.6894113",bodystreammedical.ca,DIY CBD Oil Kit,https://diycbdoil.ca/products/diy-cbd-oil-kit,,,,
Bodystream,55 Wyndham St N,Clinic,Guelph,Ontario,ca,"43.5462871,-80.24763999999999",bodystreammedical.ca,DIY CBD Oil Kit,https://diycbdoil.ca/products/diy-cbd-oil-kit,,,,
Simcoe Holistic Health,55 Dunlop St W,Clinic,Barrie,Ontario,ca,"44.3883938,-79.6917101",,DIY CBD Oil Kit,https://diycbdoil.ca/products/diy-cbd-oil-kit,,,,
Toronto Poly Clinic,5460 Yonge St,Clinic,Toronto,Ontario,ca,"43.77714880000001,-79.41548759999999",,DIY CBD Oil Kit,https://diycbdoil.ca/products/diy-cbd-oil-kit,,,,
Queensborough Cannabis Co.,540 Ewen Avenue,Retail Store,New Westminster,British Columbia,ca,"49.1903827,-122.9364158",,"Hemp Flower, DIY CBD Oil Kit","https://diycbdoil.ca/products/hemp-flower, https://diycbdoil.ca/products/diy-cbd-oil-kit",,,,
Bodystream,54 Waterloo Rd,Clinic,Timmins,Ontario,ca,"48.4773516,-81.3374103",bodystreammedical.ca,DIY CBD Oil Kit,https://diycbdoil.ca/products/diy-cbd-oil-kit,,,,
Bodystream,53 Hunter St E,Clinic,Peterborough,Ontario,ca,"44.305903,-78.3112086",bodystreammedical.ca,DIY CBD Oil Kit,https://diycbdoil.ca/products/diy-cbd-oil-kit,,,,
Canada House Clinics,"52 Sioux Road, Room #203 Sherwood Park AB",Clinic,Sherwood Park,Alberta,ca,"53.5344527,-113.3239309",canadahouseclinics.ca,DIY CBD Oil Kit,https://diycbdoil.ca/products/diy-cbd-oil-kit,,,,
CannDocs Medical Clinic,51 King Street,Clinic,Barrie,Ontario,ca,"44.327441,-79.70430979999999",,DIY CBD Oil Kit,https://diycbdoil.ca/products/diy-cbd-oil-kit,,,,
Canada House Clinics,5-595 Pembroke Street East,Clinic,Pembroke,Ontario,ca,"45.8268639,-77.1116041",canadahouseclinics.ca,DIY CBD Oil Kit,https://diycbdoil.ca/products/diy-cbd-oil-kit,,,,
Canrix Cannabinoid Clinic Inc.,5-3823 Lake Shore Blvd. W,Clinic,Etobicoke,Ontario,ca,"43.6027608,-79.49574779999999",,DIY CBD Oil Kit,https://diycbdoil.ca/products/diy-cbd-oil-kit,,,,
Seed to Soul Boutique,5 - 3495 Pleasant Valley Rd,Retail Store,Armstrong,British Columbia,ca,"50.4483143,-119.1943739",,"Hemp Flower, DIY CBD Oil Kit","https://diycbdoil.ca/products/hemp-flower, https://diycbdoil.ca/products/diy-cbd-oil-kit",,,,
Canada House Clinics,"496 Discovery Avenue, Unit 9",Clinic,Kingston,Ontario,ca,"44.2741258,-76.4439096",canadahouseclinics.ca,DIY CBD Oil Kit,https://diycbdoil.ca/products/diy-cbd-oil-kit,,,,
Bodystream,486 Advance Blvd,Clinic,Tecumseh,Ontario,ca,"42.30287209999999,-82.8219842",bodystreammedical.ca,DIY CBD Oil Kit,https://diycbdoil.ca/products/diy-cbd-oil-kit,,,,
Main Street Health,460 Main Street East Suite 3M,Clinic,Hamilton,Ontario,ca,"43.2505732,-79.851911",mainstreethealthcenter.com,DIY CBD Oil Kit,https://diycbdoil.ca/products/diy-cbd-oil-kit,,,,
Heat + Herb Cannabis,45 West Broadway,Retail Store,Vancouver,British Columbia,ca,"49.26316240000001,-123.1059206",,"Hemp Flower, DIY CBD Oil Kit","https://diycbdoil.ca/products/hemp-flower, https://diycbdoil.ca/products/diy-cbd-oil-kit",,,,
Cannascribe,43 Goldthorne Ave,Clinic,Etobicoke,Ontario,ca,"43.61529489999999,-79.5141474",cannascribe.com,DIY CBD Oil Kit,https://diycbdoil.ca/products/diy-cbd-oil-kit,,,,
Bodystream,421 Rideau St,Clinic,Ottawa,Ontario,ca,"45.4307537,-75.6814395",bodystreammedical.ca,DIY CBD Oil Kit,https://diycbdoil.ca/products/diy-cbd-oil-kit,,,,
Cannabinoid Medical Clinic,414 Victoria Avenue Suite M6,Clinic,Hamilton,Ontario,ca,"43.2655116,-79.850594",,DIY CBD Oil Kit,https://diycbdoil.ca/products/diy-cbd-oil-kit,,,,
Canadian Cannabis Clinics,"4105 4 ST NW, Suite 5",Clinic,Calgary,Alberta,ca,"51.0879057,-114.0724261",cannabisclinics.ca,DIY CBD Oil Kit,https://diycbdoil.ca/products/diy-cbd-oil-kit,,,,
Plants Not Pills,40 Metcalfe St W,Clinic,Strathroy,Ontario,ca,"42.9553453,-81.6226033",plantsnotpillscbd.com,DIY CBD Oil Kit,https://diycbdoil.ca/products/diy-cbd-oil-kit,,,,
Bodystream,39 Pleasant Blvd,Clinic,Toronto,Ontario,ca,"43.6872343,-79.39200439999999",bodystreammedical.ca,DIY CBD Oil Kit,https://diycbdoil.ca/products/diy-cbd-oil-kit,,,,
Muse Cannabis Store,385-415 Dollarton Highway,Retail Store,North Vancouver,British Columbia,ca,"49.3083871,-122.9889759",,"Hemp Flower, DIY CBD Oil Kit","https://diycbdoil.ca/products/hemp-flower, https://diycbdoil.ca/products/diy-cbd-oil-kit",,,,
Canada House Clinics,"380 Hunt Club Road, Unit 103",Clinic,Ottawa,Ontario,ca,"45.339083,-75.68143429999999",canadahouseclinics.ca,DIY CBD Oil Kit,https://diycbdoil.ca/products/diy-cbd-oil-kit,,,,
Cannabinoid Medical Clinic,"35 Upper Centennial Pkwy., 2nd Floor",Clinic,Stoney Creek,Ontario,ca,"43.1768445,-79.77669639999999",,DIY CBD Oil Kit,https://diycbdoil.ca/products/diy-cbd-oil-kit,,,,
Bodystream,345 Ecclestone Dr,Clinic,Bracebridge,Ontario,ca,"45.0260786,-79.3119454",bodystreammedical.ca,DIY CBD Oil Kit,https://diycbdoil.ca/products/diy-cbd-oil-kit,,,,
4Twenty Cannabis,3441 Kingsway,Retail Store,Vancouver,British Columbia,ca,"49.232281,-123.0313424",4twentycompassion.com,"Hemp Flower, DIY CBD Oil Kit","https://diycbdoil.ca/products/hemp-flower, https://diycbdoil.ca/products/diy-cbd-oil-kit",,,,
Summertree Medical Clinic,"344 Bloor St W, Suite 209",Clinic,Toronto,Ontario,ca,"43.6667806,-79.4044382",,DIY CBD Oil Kit,https://diycbdoil.ca/products/diy-cbd-oil-kit,,,,
Bodystream,329 Queenston Rd,Clinic,Hamilton,Ontario,ca,"43.23378109999999,-79.7896085",bodystreammedical.ca,DIY CBD Oil Kit,https://diycbdoil.ca/products/diy-cbd-oil-kit,,,,
OneOunce Medical Health Services,"3230 Blvd. Cure-Labelle, Suite 207-B",Clinic,Laval,Quebec,ca,"45.5680662,-73.7818216",,DIY CBD Oil Kit,https://diycbdoil.ca/products/diy-cbd-oil-kit,,,,
Canada House Clinics,320 Kings Road,Clinic,Sydney,Nova Scotia,ca,"46.126323,-60.199651",canadahouseclinics.ca,DIY CBD Oil Kit,https://diycbdoil.ca/products/diy-cbd-oil-kit,,,,
Canadian Cannabis Clinics,"3155 Harvester Road, Unit 302",Clinic,Burlington,Ontario,ca,"43.3541897,-79.7974097",cannabisclinics.ca,DIY CBD Oil Kit,https://diycbdoil.ca/products/diy-cbd-oil-kit,,,,
Canada House Clinics,314 rue Victoria,Clinic,Edmundston,New New Brunswick,ca,"47.3730742,-68.3284396",canadahouseclinics.ca,DIY CBD Oil Kit,https://diycbdoil.ca/products/diy-cbd-oil-kit,,,,
Cannascribe,300-18 Kensington Rd,Clinic,Brampton,Ontario,ca,"43.7226191,-79.71751499999999",cannascribe.com,DIY CBD Oil Kit,https://diycbdoil.ca/products/diy-cbd-oil-kit,,,,
Inspired Cannabis Co,2976 West Broadway,Retail Store,Vancouver,British Columbia,ca,"49.2640275,-123.1716812",inspiredcannabis.ca,"Hemp Flower, DIY CBD Oil Kit","https://diycbdoil.ca/products/hemp-flower, https://diycbdoil.ca/products/diy-cbd-oil-kit",,,,
Cannabinoid Medical Clinic,"2951 Walkers Line, 2nd Floor",Clinic,Burlington,Ontario,ca,"43.392154,-79.8217076",,DIY CBD Oil Kit,https://diycbdoil.ca/products/diy-cbd-oil-kit,,,,
Canada House Clinics,"293 Allen Street, Suite 102",Clinic,Charlottetown,PEI,ca,"46.248455,-63.124111",canadahouseclinics.ca,DIY CBD Oil Kit,https://diycbdoil.ca/products/diy-cbd-oil-kit,,,,
Phytomedical,26 Meteor Dr,Clinic,Toronto,Ontario,ca,"43.6815404,-79.5905215",phytomedical.ca,DIY CBD Oil Kit,https://diycbdoil.ca/products/diy-cbd-oil-kit,,,,
Cannabliss Health Clinic Inc.,2592 Weston Rd,Clinic,Toronto,Ontario,ca,"43.7106884,-79.5352067",,DIY CBD Oil Kit,https://diycbdoil.ca/products/diy-cbd-oil-kit,,,,
Canada House Clinics,255 Restigouche Road,Clinic,Oromocto,New New Brunswick,ca,"45.8400584,-66.4968447",canadahouseclinics.ca,DIY CBD Oil Kit,https://diycbdoil.ca/products/diy-cbd-oil-kit,,,,
Canada House Clinics,"255 Glen Miller Road, Unit 12",Clinic,Trenton,Ontario,ca,"44.1370534,-77.5858962",canadahouseclinics.ca,DIY CBD Oil Kit,https://diycbdoil.ca/products/diy-cbd-oil-kit,,,,
La Canapa Boutique Inc.,2549 Main Street,Retail Store,Vancouver,British Columbia,ca,"49.2622046,-123.1013597",,"Hemp Flower, DIY CBD Oil Kit","https://diycbdoil.ca/products/hemp-flower, https://diycbdoil.ca/products/diy-cbd-oil-kit",,,,
Lift Resource Centre,25 Gateway Blvd,Clinic,Brampton,Ontario,ca,"43.73800019999999,-79.7014435",,DIY CBD Oil Kit,https://diycbdoil.ca/products/diy-cbd-oil-kit,,,,
Canadian Cannabis Clinics,"2405 LAKE SHORE BLVD WEST, SUITE 302",Clinic,Etobicoke,Ontario,ca,"43.614368,-79.4885113",cannabisclinics.ca,DIY CBD Oil Kit,https://diycbdoil.ca/products/diy-cbd-oil-kit,,,,
Bodystream,"240 Wharncliffe Rd N, Suite B101",Clinic,London,Ontario,ca,"42.9913738,-81.2650038",bodystreammedical.ca,DIY CBD Oil Kit,https://diycbdoil.ca/products/diy-cbd-oil-kit,,,,
Fat Panda,239 Manitoba Avenue,Retail Store,Winnipeg,Manitoba,ca,"49.9139255,-97.13325139999999",fatpanda.ca,"Hemp Flower, DIY CBD Oil Kit","https://diycbdoil.ca/products/hemp-flower, https://diycbdoil.ca/products/diy-cbd-oil-kit",,,,
Canadian Cannabis Clinics,"23 STE. MARIE ST. , UNIT 1",Clinic,Collingwood,Ontario,ca,"44.5025097,-80.2155772",cannabisclinics.ca,DIY CBD Oil Kit,https://diycbdoil.ca/products/diy-cbd-oil-kit,,,,
Greenleaf Medical Clinic,"2296 McCallum Road, Unit 101",Clinic,Abbotsford,British Columbia,ca,"49.043718,-122.2928776",greenleafmc.ca,DIY CBD Oil Kit,https://diycbdoil.ca/products/diy-cbd-oil-kit,,,,
Bodystream,220 Pitt St,Clinic,Cornwall,Ontario,ca,"45.0188127,-74.7291554",bodystreammedical.ca,DIY CBD Oil Kit,https://diycbdoil.ca/products/diy-cbd-oil-kit,,,,
BUDDHA BARN INC,2179 4th Ave W,Retail Store,Vancouver,British Columbia,ca,"49.2683907,-123.1545318",,"Hemp Flower, DIY CBD Oil Kit","https://diycbdoil.ca/products/hemp-flower, https://diycbdoil.ca/products/diy-cbd-oil-kit",,,,
Kingsway Cannabis,2140 Kingsway,Retail Store,Vancouver,British Columbia,ca,"49.2438605,-123.0628559",kingswaycannabis.com,"Hemp Flower, DIY CBD Oil Kit","https://diycbdoil.ca/products/hemp-flower, https://diycbdoil.ca/products/diy-cbd-oil-kit",,,,
Pain Management Society,2137 Commercial Drive,Clinic,Vancouver,British Columbia,ca,"49.2656646,-123.0699436",,DIY CBD Oil Kit,https://diycbdoil.ca/products/diy-cbd-oil-kit,,,,
MindShift,"206 Rookwood Ave, Suite 150",Clinic,Fredericton,New New Brunswick,ca,"45.9607703,-66.66034429999999",mindshift.works,DIY CBD Oil Kit,https://diycbdoil.ca/products/diy-cbd-oil-kit,,,,
Medical Marijuana Services,206 Flora St,Clinic,Ottawa,Ontario,ca,"45.4087404,-75.69748919999999",medicalmarijuanaservices.ca,DIY CBD Oil Kit,https://diycbdoil.ca/products/diy-cbd-oil-kit,,,,
Lift Resource Centre,205 - 4851 Westwinds Dr NE,Clinic,Calgary,Alberta,ca,"51.1002598,-113.9632335",,DIY CBD Oil Kit,https://diycbdoil.ca/products/diy-cbd-oil-kit,,,,
Lift Resource Centre,2025 Midland Ave,Clinic,Scarborough,Ontario,ca,"43.7687116,-79.27086609999999",,DIY CBD Oil Kit,https://diycbdoil.ca/products/diy-cbd-oil-kit,,,,
Natural Living Wellness Centre,200 Spadina Ave,Clinic,Toronto,Ontario,ca,"43.650286,-79.3973505",,DIY CBD Oil Kit,https://diycbdoil.ca/products/diy-cbd-oil-kit,,,,
Canada House Clinics,"2 Champagne Drive, Unit B18",Clinic,North York,Ontario,ca,"43.7664487,-79.4720052",canadahouseclinics.ca,DIY CBD Oil Kit,https://diycbdoil.ca/products/diy-cbd-oil-kit,,,,
Lift Resource Centre,196 King St East,Clinic,Bowmanville,Ontario,ca,"43.9110349,-78.6794506",,DIY CBD Oil Kit,https://diycbdoil.ca/products/diy-cbd-oil-kit,,,,
Bodystream,183 1st Ave W,Clinic,North Bay,Ontario,ca,"46.31316899999999,-79.4621014",bodystreammedical.ca,DIY CBD Oil Kit,https://diycbdoil.ca/products/diy-cbd-oil-kit,,,,
Trauma Healing Center,"1789 Mountain Rd, Suite 203",Clinic,Moncton,New New Brunswick,ca,"46.1216944,-64.84612659999999",traumahealingcenter.net,DIY CBD Oil Kit,https://diycbdoil.ca/products/diy-cbd-oil-kit,,,,
KushKlub,1735 Commercial Dr,Retail Store,Vancouver,British Columbia,ca,"49.269009,-123.0699287",kushklub.com,"Hemp Flower, DIY CBD Oil Kit","https://diycbdoil.ca/products/hemp-flower, https://diycbdoil.ca/products/diy-cbd-oil-kit",,,,
Inspired Cannabis Co,1710 Robson Street,Retail Store,Vancouver,British Columbia,ca,"49.2905042,-123.1342898",inspiredcannabis.ca,"Hemp Flower, DIY CBD Oil Kit","https://diycbdoil.ca/products/hemp-flower, https://diycbdoil.ca/products/diy-cbd-oil-kit",,,,
Dr Hart,1695 Wonderland Rd.,Clinic,North London,Ontario,ca,"43.017365,-81.3116603",dr-harts.com,By Referral,,,,,
Cannabis 204 Retail Store,163 Nelson Street West,Clinic,Virden,Manitoba,ca,"49.8503541,-100.930477",,By Referral,,,,,
Canadian Cannabis Clinics,"1615 Dundas St E, UNIT E210",Clinic,Whitby,Ontario,ca,"43.8847104,-78.9109087",cannabisclinics.ca,By Referral,,,,,
Canada House Clinics,"1610 37 St., SW, Unit # 57",Clinic,Calgary,Alberta,ca,"51.0395773,-114.1399622",canadahouseclinics.ca,By Referral,,,,,
Canadian Cannabis Clinics,"1600 LANSDOWNE STREET, UNIT 4-5",Clinic,Peterborough,Ontario,ca,"44.277291,-78.36577",cannabisclinics.ca,By Referral,,,,,
Canadian Cannabis Clinics,15353 97 Street N,Clinic,Edmonton,Alberta,ca,"53.615021,-113.4903841",cannabisclinics.ca,By Referral,,,,,
Canada House Clinics,"1405 Mountain Road, Unit A4",Clinic,Moncton,New New Brunswick,ca,"46.1126373,-64.8330984",canadahouseclinics.ca,By Referral,,,,,
Natures Decision,1401 Av de l'eglise,Clinic,Montreal,Quebec,ca,"45.463581,-73.58192629999999",,By Referral,,,,,
Cannabinoid Medical Clinic,"1385 Bank St., Suite 305",Clinic,Ottawa,Ontario,ca,"45.3843978,-75.67191729999999",,By Referral,,,,,
THE KURE CANNABIS SOCIETY,137F Dyke Rd,Clinic,Chilliwack,British Columbia,ca,"49.1716505,-121.9809983",,By Referral,,,,,
99 North Cannabis Store,130-1200 Hunter Place,Retail Store,Squamish,British Columbia,ca,"49.7033728,-123.1482484",,"Hemp Flower, DIY CBD Oil Kit","https://diycbdoil.ca/products/hemp-flower, https://diycbdoil.ca/products/diy-cbd-oil-kit",,,,
ARCANNABIS STORE,1290 East 12th Avenue,Retail Store,Vancouver,British Columbia,ca,"49.2594815,-123.0778429",,"Hemp Flower, DIY CBD Oil Kit","https://diycbdoil.ca/products/hemp-flower, https://diycbdoil.ca/products/diy-cbd-oil-kit",,,,
Canadian Cannabis Clinics,121 DANFORTH AVENUE,Clinic,Toronto,Ontario,ca,"43.6762059,-79.3578105",cannabisclinics.ca,By Referral,,,,,
Medical Marijuana Clinics of Canada,121 Danforth Ave,Clinic,Toronto,Ontario,ca,"43.6762059,-79.3578105",,By Referral,,,,,
Canadian Cannabis Clinics,"117 CENTREPOINTE DRIVE, SUITE 124",Clinic,Neapan,Ontario,ca,"45.3429511,-75.7619768",cannabisclinics.ca,By Referral,,,,,
Jima Cannabis,116 - 1900 North Parallel Road,Retail Store,Abbotsford,British Columbia,ca,"49.0370571,-122.2300655",jima.ca,"Hemp Flower, DIY CBD Oil Kit","https://diycbdoil.ca/products/hemp-flower, https://diycbdoil.ca/products/diy-cbd-oil-kit",,,,
Canadian Cannabis Clinics,"112 RIVERSTONE RIDGE, UNIT 209",Clinic,Fort McMurray,Alberta,ca,"56.7589707,-111.43794",cannabisclinics.ca,By Referral,,,,,
Bodystream,112 Queenston Street,Clinic,St. Catharines,Ontario,ca,"43.16335050000001,-79.23335229999999",bodystreammedical.ca,By Referral,,,,,
Cannabinoid Medical Clinic,"112 Main Street, Unit D",Clinic,Sackville,New New Brunswick,ca,"45.89836529999999,-64.3684999",,By Referral,,,,,
National Access Cannabis,1111 Wellington Street West,Clinic,Ottawa,Ontario,ca,"45.4025721,-75.726148",nacmedical.com,By Referral,,,,,
Bodystream,1111 Franklin Blvd,Clinic,Cambridge,Ontario,ca,"43.3992131,-80.3027127",bodystreammedical.ca,By Referral,,,,,
Bodystream,111 Simcoe St N,Clinic,Oshawa,Ontario,ca,"43.90066300000001,-78.8643565",bodystreammedical.ca,By Referral,,,,,
Cannabinoid Medical Clinic,"11010-101 Street, 6th Floor",Clinic,Edmonton,Alberta,ca,"53.5574738,-113.4945235",,By Referral,,,,,
CMClinic,11 Lakeside Terrace,Clinic,Barrie,Ontario,ca,"44.4165858,-79.6718739",canabomedicalclinic.com,By Referral,,,,,
Bodystream,1074 Goyeau St,Clinic,Windsor,Ontario,ca,"42.3083547,-83.0304613",bodystreammedical.ca,By Referral,,,,,
Canadian Cannabis Clinics,"1070 STONECHURCH ROAD EAST, UNIT 26",Clinic,Hamilton,Ontario,ca,"43.1988961,-79.842102",cannabisclinics.ca,By Referral,,,,,
Bodystream,106-121 Dundas Street E,Clinic,Belleville,Ontario,ca,"44.1616467,-77.3752489",bodystreammedical.ca,By Referral,,,,,
Bodystream,105 Main Street of Delhi,Clinic,Delhi,Ontario,ca,"42.8561651,-80.49694769999999",bodystreammedical.ca,By Referral,,,,,
Synergy Health Services,1030 Upper James Street,Clinic,Hamilton,Ontario,ca,"43.2217845,-79.88511369999999",,By Referral,,,,,
Medical Marihuana Access Services,103-225 Canada Avenue,Clinic,Duncan,British Columbia,ca,"48.7787022,-123.7075145",,By Referral,,,,,
Medi-Green Cannabis Clinic,101-130 Sproule Rd,Clinic,Perth,Ontario,ca,"44.9107371,-76.2791994",medi-green.ca,By Referral,,,,,
The Kure Cannabis Society,101- B4- 41290 Lougheed Highway,Clinic,Deroche,British Columbia,ca,"49.2174697,-122.5908521",,By Referral,,,,,
Bodystream,1001 Ridgeway St E,Clinic,Thunder Bay,Ontario,ca,"48.3794336,-89.25151869999999",bodystreammedical.ca,By Referral,,,,,
Trauma Healing Center,"100 Craig Henry, Suite 103",Clinic,Ottawa,Ontario,ca,"45.3324799,-75.7703015",traumahealingcenter.net,By Referral,,,,,
